{"pure": {"comp": [254, 359, 910, 371, 1476, 235, 307, 245], "tot": [494, 595, 1162, 619, 1727, 471, 539, 480], "t": [8.792244672775269, 10.014481782913208, 15.399280786514282, 9.208880186080933, 31.52467632293701, 5.36916184425354, 5.902762413024902, 5.617994785308838]}, "av": {"comp": [26, 27, 26, 27, 27, 27, 25, 25, 25], "tot": [371, 368, 370, 381, 377, 380, 356, 352, 355], "t": [56.248077154159546, 5.3448827266693115, 2.9439549446105957, 2.394801378250122, 2.051994800567627, 1.4474797248840332, 2.4693374633789062, 2.281470775604248, 2.5072286128997803]}}