{"expert_sp": 1.13, "rows": [[1, 1.226, 1.0849557522123894, 1.0849557522123894], [2, 1.178, 1.0424778761061948, 1.0849557522123894], [4, 1.22, 1.0796460176991152, 1.0849557522123894], [8, 0.935, 0.8274336283185842, 1.0849557522123894]]}