{"daxpy": {"expert_sp": 1.104, "ms": {"1": 0.8949275362318839, "2": 0.9438405797101449, "4": 0.9963768115942029, "8": 0.9293478260869564}}, "dasum": {"expert_sp": 1.332, "ms": {"1": 0.7740240240240239, "2": 0.9752252252252251, "4": 1.0082582582582582, "8": 1.0675675675675675}}, "ddot": {"expert_sp": 1.243, "ms": {"1": 0.8037007240547063, "2": 0.7530168946098149, "4": 0.8576025744167337, "8": 1.0233306516492358}}}