{"daxpy": {"median": 1.0047483380816715, "mn": 0.7917261055634809, "mx": 1.0519730510105871, "std": 0.09485532967758521, "n": 5, "vals": [0.792, 0.956, 1.041, 1.005, 1.052]}, "dscal": {"median": 1.0038491147036182, "mn": 0.9599703484062267, "mx": 1.0440251572327044, "std": 0.02766763627355288, "n": 5, "vals": [1.004, 1.009, 0.96, 0.986, 1.044]}, "dcopy": {"median": 1.0063492063492063, "mn": 0.9600638977635783, "mx": 1.0844709897610922, "std": 0.04153707489738864, "n": 5, "vals": [1.006, 0.96, 0.989, 1.023, 1.084]}, "ddot": {"median": 0.9863636363636363, "mn": 0.9582712369597615, "mx": 1.069364161849711, "std": 0.04668909342837456, "n": 5, "vals": [1.069, 1.069, 0.986, 0.983, 0.958]}, "dasum": {"median": 0.9114186851211072, "mn": 0.8971389645776566, "mx": 1.002724795640327, "std": 0.046202598617300195, "n": 5, "vals": [0.903, 0.911, 1.003, 0.992, 0.897]}, "daxpby": {"median": 0.9840067340067341, "mn": 0.9612736660929433, "mx": 1.0723860589812333, "std": 0.040610334437118756, "n": 5, "vals": [0.964, 0.987, 1.072, 0.984, 0.961]}, "dswap": {"median": 1.0226377952755905, "mn": 0.9693564862104188, "mx": 1.0608519269776877, "std": 0.033644886214151425, "n": 5, "vals": [1.023, 0.969, 0.98, 1.061, 1.029]}, "dmax": {"median": 0.9852842809364548, "mn": 0.9806924101198403, "mx": 1.0215488215488213, "std": 0.014932265900065161, "n": 5, "vals": [0.989, 0.981, 0.985, 1.022, 0.984]}, "dmin": {"median": 0.9882275997383911, "mn": 0.9790438768827768, "mx": 1.0188298587760591, "std": 0.015487954047740364, "n": 5, "vals": [0.979, 1.019, 1.011, 0.985, 0.988]}}