{
  "op": "dger",
  "expert_sp": 1.011,
  "best_ms": 1.0089020771513355,
  "best_L": 8,
  "rows": [
    {
      "L": 1,
      "speedup": 0.986,
      "ms": 0.9752720079129575,
      "passed": true
    },
    {
      "L": 2,
      "speedup": 1.015,
      "ms": 1.0039564787339268,
      "passed": true
    },
    {
      "L": 4,
      "speedup": 1.0,
      "ms": 0.9891196834817014,
      "passed": true
    },
    {
      "L": 8,
      "speedup": 1.02,
      "ms": 1.0089020771513355,
      "passed": true
    }
  ]
}