{
  "op": "dsymv",
  "expert_sp": 2.909,
  "best_ms": 0.9394981093159163,
  "best_L": 1,
  "rows": [
    {
      "L": 1,
      "speedup": 2.733,
      "ms": 0.9394981093159163,
      "passed": true
    },
    {
      "L": 2,
      "speedup": 2.075,
      "ms": 0.7133035407356481,
      "passed": true
    },
    {
      "L": 4,
      "speedup": 1.956,
      "ms": 0.6723960123753867,
      "passed": true
    },
    {
      "L": 8,
      "speedup": 2.621,
      "ms": 0.9009969061533174,
      "passed": true
    }
  ]
}