{
  "op": "dgemv",
  "expert_sp": 0.869,
  "best_ms": 1.0126582278481013,
  "best_L": 2,
  "rows": [
    {
      "L": 1,
      "speedup": 0.73,
      "ms": 0.8400460299194477,
      "passed": true
    },
    {
      "L": 2,
      "speedup": 0.88,
      "ms": 1.0126582278481013,
      "passed": true
    },
    {
      "L": 4,
      "speedup": 0.728,
      "ms": 0.8377445339470656,
      "passed": true
    },
    {
      "L": 8,
      "speedup": 0.764,
      "ms": 0.8791714614499425,
      "passed": true
    }
  ]
}