{
  "op": "dspmv",
  "expert_sp": 1.011,
  "best_ms": 1.0089020771513355,
  "best_L": 4,
  "rows": [
    {
      "L": 1,
      "speedup": 0.892,
      "ms": 0.8822947576656777,
      "passed": true
    },
    {
      "L": 2,
      "speedup": 1.017,
      "ms": 1.0059347181008902,
      "passed": true
    },
    {
      "L": 4,
      "speedup": 1.02,
      "ms": 1.0089020771513355,
      "passed": true
    },
    {
      "L": 8,
      "speedup": 1.004,
      "ms": 0.9930761622156282,
      "passed": true
    }
  ]
}